﻿<?xml version="1.0" encoding="UTF-8" standalone="yes"?>
<addon id="plugin.video.victory_show" name="victory_show" version="5.0.0" provider-name="Victory Show">
    <requires>
        <import addon="xbmc.python" version="2.1.0"/>
        <import addon="script.module.xbmcswift2" version="2.4.0"/>
        <import addon="script.module.requests" version="2.9.1"/>
        <import addon="script.module.urllib3" version="1.22" optional="true"/>
        <!--<import addon="repository.sdarot" />-->
    </requires>
    <extension point="xbmc.python.pluginsource" library="sdarottv.py">
        <provides>video</provides>
    </extension>
    <extension point="xbmc.addon.metadata">
        <platform>all</platform>
        <minversion>31632</minversion>
        <summary lang="en">Watch victory_show video contents.</summary>
        <summary lang="he"></summary>
        <description lang="en">KodiKing</description>
        <description lang="he">KodiKing</description>
        <news>[B]Version 1.0.0[/B][CR]Changes inside addon to fit site changes.</news>
        <supportedcontent>
        <content>tvshows</content>
        </supportedcontent>
    </extension>
</addon>