﻿<?xml version="1.0" encoding="UTF-8" standalone="yes"?>
<addon id="plugin.video.Luna"
	   name="Luna"
	   version="7.0.0"
	   provider-name="Luna">
	   <requires>
    <import addon="script.module.resolveurl" version="5.0.00"/>
    <import addon="xbmc.python" version="2.1.0"/>
	<import addon="script.module.requests"/>
  </requires>
  <extension point="xbmc.python.pluginsource"
            library="default.py">
        <provides>video</provides>
  </extension>
  <extension point="xbmc.addon.metadata">
    <summary lang="en">Luna</summary>
    <description lang="en"> סרטים+ וילדים+</description>
    <platform>all</platform>
  </extension>
</addon>